observed_rank,domain,page_type,page_read_status,first_screen_tool,content_scope,output_format_claim,quality_claim,login_claim,batch_claim,usage_limit_claim,access_boundaries,source_url,checked_date,notes
1,fastdl.app,tool,read,yes,"Videos; photos; Reels; IGTV; carousels",MP4,"Typically HD 720p",No account required,unclear,"No daily limits stated",Public content only,https://fastdl.app/,2026-09-14,"Three-step instructions; no app; no history storage claimed"
2,savefromins.com,tool,read,yes,"Videos; Reels; Stories; photos; carousels",unknown,"High/original quality",No login required,unclear,"Use as much as you like; no numeric allowance",unclear,https://savefromins.com/,2026-09-14,"Included phone and desktop instructions"
3,igexport.com,mixed tool/article,read,yes,"Public post videos; Reels; IGTV",unknown,"Original high quality",No login required,unclear,unknown,"Private and deleted content unavailable",https://igexport.com/video-download/,2026-09-14,"Auto-localized during review; promoted a separate Recent Follow app"
4,play.google.com,app listing,read,no,"Videos; photos; Stories; music; private-content claim","Multiple formats; exact Instagram format unknown",HD,No login claimed,Batch downloads claimed,unknown,unclear,https://play.google.com/store/apps/details?id=instagram.video.downloader.story.saver.ig.insaver&hl=en_US,2026-09-14,"Android app with ads and in-app purchases; data-safety disclosures present"
5,downloadmedia.app,tool,read,yes,Public Instagram videos,MP4,"HD up to 1080p",No login required,unclear,"No daily limit stated",Private content unsupported,https://downloadmedia.app/instagram-video-downloader,2026-09-14,"Three-step instructions; no app; no watermark claimed"
6,en1.savefrom.net,tool,blocked,unknown,unknown,unknown,unknown,unknown,unknown,unknown,unknown,https://en1.savefrom.net/download-from-instagram,2026-09-14,"Page reader and browser safety policy both blocked access; no feature cells inferred"
7,statusdownloader.com,mixed tool/article,read,yes,"Stories; Reels; posts; IGTV; Highlights; photos; carousels; audio","MP4; JPG; PNG; MP3","Typically 1080p",No login required,unclear,"No limits stated",Public content only,https://statusdownloader.com/instagram-story-downloader,2026-09-14,"Primary page framing focused on Stories while covering multiple media types"
8,reddit.com,forum,read,no,Community suggestions varied,unknown,unknown,"Replies reported forced-login experiences",unclear,unknown,unclear,https://www.reddit.com/r/InstagramMarketing/comments/1c1chf4/easiest_way_to_download_videos_from_instagram/,2026-09-14,"Replies suggested websites extensions and save-draft methods; some reported unsafe or broken extensions"
9,nuelink.com,mixed tool/article,read,yes,Instagram videos,unknown,High quality,No login required,unclear,Unlimited claimed,unclear,https://nuelink.com/tools/instagram-video-downloader,2026-09-14,"Promoted a separate social scheduling product"
10,reelsvideo.io,mixed tool/article,read,yes,"Videos; Reels; IGTV; photos; Stories; audio","MP4; JPG","Video up to 720p",No login required,unclear,"No limits stated",Public content only,https://reelsvideo.io/en-4,2026-09-14,"Three-step instructions"
